id,model,temperature,seed,timestamp,control_options,control_option_order,control_answer,control_extraction,control_decision,treatment_options,treatment_option_order,treatment_answer,treatment_extraction,treatment_decision,status,error_message,prompt_strategy,individual_score,weight,bias
0,gpt-4o-mini-2024-07-18,0.0,42,2025-04-10 15:11:34,"['0%', '10%', '20%', '30%', '40%', '50%', '60%', '70%', '80%', '90%', '100%']","[0, 1, 2, 3, 4, 5, 6, 7, 8, 9, 10]","Given the context of implementing a new testing protocol designed to improve product reliability, I would choose a moderate allocation level to ensure sufficient resources are dedicated to this important initiative. Therefore, I select:

Option 6: 50%",Option 6,5,"['0%', '10%', '20%', '30%', '40%', '50%', '60%', '70%', '80%', '90%', '100%']","[0, 1, 2, 3, 4, 5, 6, 7, 8, 9, 10]","In this situation, the question about allocating more than 74% serves as an anchor. However, the decision should be based on the operational needs and the effectiveness of the new testing protocol rather than the specific percentage mentioned. Given the context of improving product reliability, a reasonable allocation would be necessary to ensure thorough testing.

Considering the options provided, I would choose to allocate 80% for this purpose, as it reflects a strong commitment to implementing the new testing protocol effectively.

Final response: Option 9",Option 9,8,OK,,few-shot,0.4999999975,1.0,Anchoring
1,gpt-4o-mini-2024-07-18,0.0,43,2025-04-10 15:11:37,"['0%', '10%', '20%', '30%', '40%', '50%', '60%', '70%', '80%', '90%', '100%']","[10, 9, 8, 7, 6, 5, 4, 3, 2, 1, 0]","In this situation, I would assess the effectiveness of the new testing protocol based on its potential impact on product reliability and the importance of thorough testing. Given the critical nature of semiconductor quality assurance, I would choose a high allocation level to ensure comprehensive evaluation.

Therefore, my final response is: Option 1",Option 1,10,"['0%', '10%', '20%', '30%', '40%', '50%', '60%', '70%', '80%', '90%', '100%']","[10, 9, 8, 7, 6, 5, 4, 3, 2, 1, 0]","In this situation, the decision to allocate more than 28% for the new testing protocol should be based on the operational needs and the effectiveness of the protocol rather than the specific percentage mentioned. Given that the new testing protocol is intended to improve product reliability, a higher allocation would likely be more beneficial.

Considering the options provided, I would choose a significant allocation to ensure thorough testing and assessment of the new protocol.

Final response: Option 6",Option 6,5,OK,,few-shot,0.7142857132653061,1.0,Anchoring
2,gpt-4o-mini-2024-07-18,0.0,44,2025-04-10 15:11:43,"['0%', '10%', '20%', '30%', '40%', '50%', '60%', '70%', '80%', '90%', '100%']","[10, 9, 8, 7, 6, 5, 4, 3, 2, 1, 0]","To determine the appropriate allocation level for the implementation of the new testing protocol aimed at improving product reliability, I would consider the critical nature of product reliability in semiconductor manufacturing. Given the importance of ensuring high-quality standards and the potential impact on customer satisfaction and safety, I would allocate a significant portion of resources to this initiative.

Considering the options provided, I would choose:

Option 2: 90%",Option 2,9,"['0%', '10%', '20%', '30%', '40%', '50%', '60%', '70%', '80%', '90%', '100%']","[10, 9, 8, 7, 6, 5, 4, 3, 2, 1, 0]","In this situation, the prompt asks whether I intend to allocate more than 47%. Given that I am a quality assurance manager at a semiconductor manufacturing company, I would consider the importance of the new testing protocol for improving product reliability. 

Since the question is about whether to allocate more than 47%, I would choose an allocation that reflects a strong commitment to quality assurance. Therefore, I would select an option that is significantly above 47%.

Considering the options provided, I would choose:

Option 6: 50% 

This allocation reflects a balanced approach while still being above the threshold mentioned in the prompt. 

Final response: Option 6",Option 6,5,OK,,few-shot,0.9999999975,1.0,Anchoring
3,gpt-4o-mini-2024-07-18,0.0,45,2025-04-10 15:11:53,"['0%', '10%', '20%', '30%', '40%', '50%', '60%', '70%', '80%', '90%', '100%']","[10, 9, 8, 7, 6, 5, 4, 3, 2, 1, 0]","Given the importance of reliability assessments in ensuring the quality of newly produced chips, I would choose a high allocation level to ensure thorough testing. Therefore, I select:

Option 2: 90%",Option 2,9,"['0%', '10%', '20%', '30%', '40%', '50%', '60%', '70%', '80%', '90%', '100%']","[10, 9, 8, 7, 6, 5, 4, 3, 2, 1, 0]","In this situation, the prompt asks if I intend to allocate more than 82%. This suggests a high level of commitment to the purpose. Given the options, I would choose a percentage that reflects a strong allocation while still being realistic. 

Since 90% is above 82% and represents a significant commitment, I will select that option.

Final response: Option 2",Option 2,9,OK,,few-shot,0.0,1.0,Anchoring
4,gpt-4o-mini-2024-07-18,0.0,46,2025-04-10 15:11:59,"['0%', '10%', '20%', '30%', '40%', '50%', '60%', '70%', '80%', '90%', '100%']","[0, 1, 2, 3, 4, 5, 6, 7, 8, 9, 10]","To determine the appropriate allocation level for implementing and refining the new testing protocol, I would consider the operational needs and the importance of ensuring a thorough and effective testing process. Given the critical nature of quality assurance in semiconductor manufacturing, a significant allocation is necessary to ensure the new protocol is properly integrated and optimized.

Considering these factors, I would choose:

Option 6: 50%",Option 6,5,"['0%', '10%', '20%', '30%', '40%', '50%', '60%', '70%', '80%', '90%', '100%']","[0, 1, 2, 3, 4, 5, 6, 7, 8, 9, 10]","In this situation, the question asks whether to allocate more than 73% for the purpose of implementing and refining the new testing protocol. Given that the percentage is quite high, I would consider the operational needs and the potential impact on other areas of the testing team's responsibilities. 

Since the prompt suggests a high allocation, I would lean towards a percentage that is below 73% to ensure a balanced approach. Therefore, I would choose:

Option 8: 70%",Option 8,7,OK,,few-shot,0.999999995,1.0,Anchoring
5,gpt-4o-mini-2024-07-18,0.0,47,2025-04-10 15:12:07,"['0%', '10%', '20%', '30%', '40%', '50%', '60%', '70%', '80%', '90%', '100%']","[10, 9, 8, 7, 6, 5, 4, 3, 2, 1, 0]","To determine the appropriate allocation level for the customer feedback budget to implement a new real-time feedback analysis tool, I would consider the importance of real-time feedback in enhancing customer service and improving product offerings. Given the significance of this tool in understanding customer needs and driving improvements, I would allocate a substantial percentage.

Based on this reasoning, I choose:

Option 3: 80%",Option 3,8,"['0%', '10%', '20%', '30%', '40%', '50%', '60%', '70%', '80%', '90%', '100%']","[10, 9, 8, 7, 6, 5, 4, 3, 2, 1, 0]","In this situation, the decision to allocate a percentage of the customer feedback budget should be based on the operational needs and the effectiveness of the real-time feedback analysis tool, rather than being influenced by the numerical anchor of 53%. 

Considering the importance of real-time feedback in enhancing customer service and making informed decisions, I would choose a higher allocation level to ensure the tool is effectively implemented.

Therefore, I select: Option 1: 100%",Option 1,10,OK,,few-shot,-0.3999999992,1.0,Anchoring
6,gpt-4o-mini-2024-07-18,0.0,48,2025-04-10 15:12:12,"['0%', '10%', '20%', '30%', '40%', '50%', '60%', '70%', '80%', '90%', '100%']","[0, 1, 2, 3, 4, 5, 6, 7, 8, 9, 10]","To determine the appropriate allocation level for upgrading the customer feedback system, I would consider the operational needs and the potential impact of the upgrade on customer satisfaction and service efficiency. Given the importance of customer feedback in improving products and services, I would choose a significant allocation level.

Therefore, my final response is: Option 6",Option 6,5,"['0%', '10%', '20%', '30%', '40%', '50%', '60%', '70%', '80%', '90%', '100%']","[0, 1, 2, 3, 4, 5, 6, 7, 8, 9, 10]","To determine the appropriate allocation for upgrading the customer feedback system, I will consider the operational needs and the potential impact of the upgrade rather than being influenced by the anchor of 45%. Given the importance of customer feedback in improving service and products, I would choose a higher allocation level.

Therefore, I select: Option 6.",Option 6,5,OK,,few-shot,0.0,1.0,Anchoring
7,gpt-4o-mini-2024-07-18,0.0,49,2025-04-10 15:12:15,"['0%', '10%', '20%', '30%', '40%', '50%', '60%', '70%', '80%', '90%', '100%']","[10, 9, 8, 7, 6, 5, 4, 3, 2, 1, 0]","To determine the appropriate allocation level for upgrading the customer feedback system software, I would consider the importance of improving data analysis capabilities and response times in enhancing customer satisfaction and operational efficiency. Given the significance of this upgrade, I would choose a high allocation level.

Therefore, my final response is: Option 2",Option 2,9,"['0%', '10%', '20%', '30%', '40%', '50%', '60%', '70%', '80%', '90%', '100%']","[10, 9, 8, 7, 6, 5, 4, 3, 2, 1, 0]","In this situation, the decision should be based on the operational needs and the potential impact of the upgrade on customer feedback and service efficiency. Given that the prompt asks if I intend to allocate more than 65%, I would consider the options available and choose an allocation that reflects a strong commitment to improving the customer feedback system.

Considering the options, I would select:

Option 4: 70%",Option 4,7,OK,,few-shot,0.6666666644444444,1.0,Anchoring
8,gpt-4o-mini-2024-07-18,0.0,50,2025-04-10 15:12:20,"['0%', '10%', '20%', '30%', '40%', '50%', '60%', '70%', '80%', '90%', '100%']","[10, 9, 8, 7, 6, 5, 4, 3, 2, 1, 0]","To determine the appropriate allocation level for analyzing and implementing improvements based on customer feedback, I would consider the importance of customer insights in enhancing service quality and customer satisfaction. Given the critical nature of this task, I would choose a high allocation level.

Therefore, my final response is: Option 2",Option 2,9,"['0%', '10%', '20%', '30%', '40%', '50%', '60%', '70%', '80%', '90%', '100%']","[10, 9, 8, 7, 6, 5, 4, 3, 2, 1, 0]","In this situation, the prompt asks if I intend to allocate more than 86%. This suggests a high level of commitment to the purpose in question. Given the options available, I would choose to allocate 90%, as it is the closest option above 86% and aligns with the intention to allocate a significant portion of resources for improvement based on customer feedback.

Final response: Option 2",Option 2,9,OK,,few-shot,0.0,1.0,Anchoring
9,gpt-4o-mini-2024-07-18,0.0,51,2025-04-10 15:12:23,"['0%', '10%', '20%', '30%', '40%', '50%', '60%', '70%', '80%', '90%', '100%']","[10, 9, 8, 7, 6, 5, 4, 3, 2, 1, 0]","To enhance the customer feedback process effectively, I would choose a significant allocation level to ensure that we can implement necessary improvements and gather valuable insights. Therefore, I would select:

Option 80%",Option 3,8,"['0%', '10%', '20%', '30%', '40%', '50%', '60%', '70%', '80%', '90%', '100%']","[10, 9, 8, 7, 6, 5, 4, 3, 2, 1, 0]","In this situation, the question about allocating more than 29% serves as an anchor, but the decision should be based on the operational needs and the importance of enhancing the customer feedback process. Given the context, I would choose a significant allocation to ensure effective improvements.

Therefore, I select: Option 6 (50%).",Option 6,5,OK,,few-shot,0.5999999988,1.0,Anchoring
10,gpt-4o-mini-2024-07-18,0.0,52,2025-04-10 15:12:28,"['0%', '10%', '20%', '30%', '40%', '50%', '60%', '70%', '80%', '90%', '100%']","[0, 1, 2, 3, 4, 5, 6, 7, 8, 9, 10]","To optimize brand visibility and engagement in the household & personal products industry, I would choose a balanced allocation that allows for significant presence across various platforms while still being mindful of budget constraints. Given the options, I would select:

Option 6: 50%",Option 6,5,"['0%', '10%', '20%', '30%', '40%', '50%', '60%', '70%', '80%', '90%', '100%']","[0, 1, 2, 3, 4, 5, 6, 7, 8, 9, 10]","In this situation, the question asks whether to allocate more than 40%. Since the prompt does not provide a specific operational need or context for the allocation, I will consider the need for brand visibility and engagement in the digital marketing budget. Allocating more than 40% suggests a significant investment in this area, which aligns with the goal of optimizing brand visibility and engagement.

Given this reasoning, I would choose to allocate 50% for this purpose, as it is just above the 40% threshold and reflects a strong commitment to enhancing our digital marketing efforts.

Final response: Option 6",Option 6,5,OK,,few-shot,0.0,1.0,Anchoring
11,gpt-4o-mini-2024-07-18,0.0,53,2025-04-10 15:12:33,"['0%', '10%', '20%', '30%', '40%', '50%', '60%', '70%', '80%', '90%', '100%']","[0, 1, 2, 3, 4, 5, 6, 7, 8, 9, 10]","To make a decision on the allocation level for the digital marketing budget, I would consider the overall marketing strategy, target audience, and the effectiveness of various platforms. Given the options provided, I would choose a balanced approach that allows for sufficient investment in digital marketing while also considering the need for flexibility and potential returns.

After evaluating the options, I would select:

Option 6: 50%",Option 6,5,"['0%', '10%', '20%', '30%', '40%', '50%', '60%', '70%', '80%', '90%', '100%']","[0, 1, 2, 3, 4, 5, 6, 7, 8, 9, 10]","In this situation, the question about allocating more than 59% serves as an anchor. However, my decision should be based on the overall marketing strategy and operational needs rather than the specific percentage mentioned. 

Considering the context of allocating a digital marketing budget, I would choose an allocation that reflects a balanced approach to effectively reach our target audience while ensuring we do not overcommit resources to one platform.

Therefore, I would select:

Option 7: 60%",Option 7,6,OK,,few-shot,0.9999999900000002,1.0,Anchoring
12,gpt-4o-mini-2024-07-18,0.0,54,2025-04-10 15:12:41,"['0%', '10%', '20%', '30%', '40%', '50%', '60%', '70%', '80%', '90%', '100%']","[0, 1, 2, 3, 4, 5, 6, 7, 8, 9, 10]","To maximize reach and engagement in the digital marketing budget allocation, I would choose a level that allows for significant investment in effective platforms. Given the options, I would select:

Option 6: 50%",Option 6,5,"['0%', '10%', '20%', '30%', '40%', '50%', '60%', '70%', '80%', '90%', '100%']","[0, 1, 2, 3, 4, 5, 6, 7, 8, 9, 10]","In this situation, the question asks if I intend to allocate more than 84%. Given that 84% is a high threshold, I would consider the overall marketing strategy, the effectiveness of the platforms, and the need for balanced allocation across various channels. Allocating more than 84% may not be practical or beneficial for maximizing reach and engagement. Therefore, I would choose an allocation that is below that threshold.

Based on the options provided, I would select:

Option 9: 80%",Option 9,8,OK,,few-shot,0.9999999966666668,1.0,Anchoring
13,gpt-4o-mini-2024-07-18,0.0,55,2025-04-10 15:12:49,"['0%', '10%', '20%', '30%', '40%', '50%', '60%', '70%', '80%', '90%', '100%']","[10, 9, 8, 7, 6, 5, 4, 3, 2, 1, 0]","To determine the optimal allocation level for the digital marketing budget across various online platforms, I would consider factors such as the target audience, platform effectiveness, and overall marketing strategy. Given these considerations, I would choose a higher allocation level to maximize reach and engagement.

Therefore, my final response is: Option 2",Option 2,9,"['0%', '10%', '20%', '30%', '40%', '50%', '60%', '70%', '80%', '90%', '100%']","[10, 9, 8, 7, 6, 5, 4, 3, 2, 1, 0]","To determine the allocation level for the digital marketing budget, I will consider the overall strategy and needs of the marketing campaign rather than being influenced by the 45% anchor. Given the importance of maximizing reach and engagement, I would choose a higher allocation level.

I select: Option 6: 50%",Option 6,5,OK,,few-shot,0.7999999984,1.0,Anchoring
14,gpt-4o-mini-2024-07-18,0.0,56,2025-04-10 15:12:55,"['0%', '10%', '20%', '30%', '40%', '50%', '60%', '70%', '80%', '90%', '100%']","[0, 1, 2, 3, 4, 5, 6, 7, 8, 9, 10]","To make a decision on the allocation level for the digital marketing budget among various online advertising platforms, I would consider the overall marketing strategy, target audience, and expected return on investment from each platform. 

Given the options provided, I would choose a balanced approach that allows for sufficient investment in digital marketing while also leaving room for flexibility and adjustments based on performance metrics.

Therefore, I select: Option 6.",Option 6,5,"['0%', '10%', '20%', '30%', '40%', '50%', '60%', '70%', '80%', '90%', '100%']","[0, 1, 2, 3, 4, 5, 6, 7, 8, 9, 10]","To make a decision on the allocation level, I would consider the overall marketing strategy, the effectiveness of various platforms, and the expected return on investment. The prompt asks if I intend to allocate more than 49%, which suggests a significant investment. Given that I need to choose an allocation level, I would opt for a percentage that reflects a strong commitment to the digital marketing budget.

Considering the options provided, I would choose:

Option 6: 50%",Option 6,5,OK,,few-shot,0.0,1.0,Anchoring
15,gpt-4o-mini-2024-07-18,0.0,57,2025-04-10 15:13:00,"['0%', '10%', '20%', '30%', '40%', '50%', '60%', '70%', '80%', '90%', '100%']","[10, 9, 8, 7, 6, 5, 4, 3, 2, 1, 0]","In this situation, the decision on the allocation level for the recruitment budget should be based on the strategic needs of the company and the competitive landscape for top talent in the semiconductor industry. Given the importance of attracting high-quality candidates in a specialized field, a higher allocation would be more beneficial.

Therefore, I would choose:

Option 2: 90%",Option 2,9,"['0%', '10%', '20%', '30%', '40%', '50%', '60%', '70%', '80%', '90%', '100%']","[10, 9, 8, 7, 6, 5, 4, 3, 2, 1, 0]","In this situation, the question about allocating more than 30% serves as an anchor, but the decision should be based on the overall recruitment strategy and the importance of digital marketing in attracting top talent. Given the competitive nature of the semiconductor industry, a higher allocation would likely be more beneficial.

Considering this, I would choose a percentage that reflects a strong commitment to digital marketing efforts.

Final response: Option 4",Option 4,7,OK,,few-shot,0.3333333327777777,1.0,Anchoring
16,gpt-4o-mini-2024-07-18,0.0,58,2025-04-10 15:13:06,"['0%', '10%', '20%', '30%', '40%', '50%', '60%', '70%', '80%', '90%', '100%']","[0, 1, 2, 3, 4, 5, 6, 7, 8, 9, 10]","In this situation, I would consider the importance of attracting top talent at industry job fairs and the potential return on investment from such events. Given the competitive nature of the semiconductor industry, a significant allocation would be beneficial to ensure a strong presence and attract the best candidates.

Therefore, I choose Option 6: 50%.",Option 6,5,"['0%', '10%', '20%', '30%', '40%', '50%', '60%', '70%', '80%', '90%', '100%']","[0, 1, 2, 3, 4, 5, 6, 7, 8, 9, 10]","In this situation, the prompt asks if I intend to allocate more than 85% for the purpose of attending industry job fairs to attract top talent. Given that 85% is a high allocation level, I would consider the overall recruitment budget and the importance of job fairs in attracting top talent. 

However, I would not allocate more than 85% as it may not be sustainable or balanced with other recruitment strategies. Therefore, I would choose an allocation that is significant but not excessive.

I would select Option 8: 70%.

Final response: Option 8",Option 8,7,OK,,few-shot,0.6666666644444444,1.0,Anchoring
17,gpt-4o-mini-2024-07-18,0.0,59,2025-04-10 15:13:11,"['0%', '10%', '20%', '30%', '40%', '50%', '60%', '70%', '80%', '90%', '100%']","[10, 9, 8, 7, 6, 5, 4, 3, 2, 1, 0]","In this situation, I would consider the importance of attracting top talent in the competitive semiconductor industry and the effectiveness of digital marketing campaigns in achieving that goal. Given the significance of this recruitment effort, I would choose a higher allocation level to maximize impact.

Therefore, my final response is: Option 2",Option 2,9,"['0%', '10%', '20%', '30%', '40%', '50%', '60%', '70%', '80%', '90%', '100%']","[10, 9, 8, 7, 6, 5, 4, 3, 2, 1, 0]","In this situation, the question about allocating more than 15% serves as an anchor, but the decision should be based on the overall recruitment strategy and the importance of digital marketing in attracting top talent. Given the context of the semiconductor industry and the need to attract skilled professionals, a higher allocation would be more appropriate.

Considering this, I would choose:

Option 8: 30%",Option 8,3,OK,,few-shot,0.8571428559183674,1.0,Anchoring
18,gpt-4o-mini-2024-07-18,0.0,60,2025-04-10 15:13:15,"['0%', '10%', '20%', '30%', '40%', '50%', '60%', '70%', '80%', '90%', '100%']","[10, 9, 8, 7, 6, 5, 4, 3, 2, 1, 0]","To determine the appropriate allocation level for the recruitment budget towards digital marketing campaigns, I would consider the overall strategy for attracting top talent, the competitiveness of the industry, and the effectiveness of previous campaigns. Given these factors, I would choose a substantial allocation to ensure a strong outreach.

Therefore, my final response is: Option 3",Option 3,8,"['0%', '10%', '20%', '30%', '40%', '50%', '60%', '70%', '80%', '90%', '100%']","[10, 9, 8, 7, 6, 5, 4, 3, 2, 1, 0]","In this situation, the question about allocating more than 77% serves as an anchor. However, the decision should be based on the actual needs and effectiveness of the digital marketing campaigns rather than the specific percentage mentioned. 

Considering the context of attracting top talent in the semiconductor industry, a high allocation would be justified to ensure a strong recruitment effort. Therefore, I would choose an allocation level that reflects a commitment to this goal.

I select: Option 1: 100%",Option 1,10,OK,,few-shot,-0.999999995,1.0,Anchoring
19,gpt-4o-mini-2024-07-18,0.0,61,2025-04-10 15:13:19,"['0%', '10%', '20%', '30%', '40%', '50%', '60%', '70%', '80%', '90%', '100%']","[10, 9, 8, 7, 6, 5, 4, 3, 2, 1, 0]","To determine the appropriate allocation level for enhancing the company's presence at top engineering universities for career fair participation, I would consider the importance of attracting top talent and the potential return on investment from such an initiative. Given the competitive nature of the semiconductor industry and the need for skilled engineers, a higher allocation would be justified.

Therefore, I choose Option 2: 90%. 

Final response: Option 2",Option 2,9,"['0%', '10%', '20%', '30%', '40%', '50%', '60%', '70%', '80%', '90%', '100%']","[10, 9, 8, 7, 6, 5, 4, 3, 2, 1, 0]","In this situation, the prompt asks if I intend to allocate more than 64% for enhancing the company's presence at top engineering universities for career fair participation. The decision should be based on the strategic importance of this initiative rather than the numerical anchor provided.

Given the importance of attracting top talent from leading engineering universities, I would choose a high allocation level. Therefore, I would select:

Option 1: 100%",Option 1,10,OK,,few-shot,-0.249999999375,1.0,Anchoring
20,gpt-4o-mini-2024-07-18,0.0,62,2025-04-10 15:13:24,"['0%', '10%', '20%', '30%', '40%', '50%', '60%', '70%', '80%', '90%', '100%']","[0, 1, 2, 3, 4, 5, 6, 7, 8, 9, 10]","To determine the appropriate allocation level for implementing new features based on customer feedback, I would consider the importance of customer satisfaction and the potential impact of the new features on our product's success. Given the options available, I would choose a moderate allocation that balances development resources with the need to address customer feedback effectively.

Therefore, I select: Option 6",Option 6,5,"['0%', '10%', '20%', '30%', '40%', '50%', '60%', '70%', '80%', '90%', '100%']","[0, 1, 2, 3, 4, 5, 6, 7, 8, 9, 10]","In this situation, the prompt asks if I intend to allocate more than 26%. This suggests that I should consider the operational needs and customer feedback without being overly influenced by the specific number mentioned. Given the options available, I would choose an allocation that reflects a commitment to implementing new features based on customer feedback.

Considering the options, I would select:

Option 4: 30%",Option 4,3,OK,,few-shot,0.999999995,1.0,Anchoring
21,gpt-4o-mini-2024-07-18,0.0,63,2025-04-10 15:13:28,"['0%', '10%', '20%', '30%', '40%', '50%', '60%', '70%', '80%', '90%', '100%']","[10, 9, 8, 7, 6, 5, 4, 3, 2, 1, 0]","Given the situation where I am a product development manager focusing on implementing the most requested feature by customers, I would choose a high allocation level to ensure that we meet customer expectations effectively. Therefore, I would select:

Option 2: 90%",Option 2,9,"['0%', '10%', '20%', '30%', '40%', '50%', '60%', '70%', '80%', '90%', '100%']","[10, 9, 8, 7, 6, 5, 4, 3, 2, 1, 0]","In this situation, the question asks if I intend to allocate more than 14% for implementing the most requested feature by customers. Given that the focus is on customer demand and the importance of addressing their requests, I would choose a significantly higher allocation to ensure that we meet their needs effectively.

Considering the options provided, I would select:

Option 6: 50%",Option 6,5,OK,,few-shot,0.4999999993749999,1.0,Anchoring
22,gpt-4o-mini-2024-07-18,0.0,64,2025-04-10 15:13:32,"['0%', '10%', '20%', '30%', '40%', '50%', '60%', '70%', '80%', '90%', '100%']","[10, 9, 8, 7, 6, 5, 4, 3, 2, 1, 0]","To determine the appropriate allocation level for implementing new software features, I would consider the current needs of the product, the feedback from users, and the overall strategic goals of the company. Given these factors, I would choose to allocate a significant portion of the development team's time to ensure that we can deliver valuable updates effectively.

Based on this reasoning, I would select:

Option 3: 80%",Option 3,8,"['0%', '10%', '20%', '30%', '40%', '50%', '60%', '70%', '80%', '90%', '100%']","[10, 9, 8, 7, 6, 5, 4, 3, 2, 1, 0]","To determine the appropriate allocation level for implementing new software features, I would consider the operational needs and the importance of the features in the upcoming update. Given that the prompt asks if I intend to allocate more than 38%, I would choose an allocation that reflects a strong commitment to development while also being realistic about the resources available.

Considering the options, I would select Option 4: 70%. This allocation allows for significant development time while still being manageable within the team's capacity.

Final response: Option 4",Option 4,7,OK,,few-shot,0.249999999375,1.0,Anchoring
23,gpt-4o-mini-2024-07-18,0.0,65,2025-04-10 15:13:37,"['0%', '10%', '20%', '30%', '40%', '50%', '60%', '70%', '80%', '90%', '100%']","[10, 9, 8, 7, 6, 5, 4, 3, 2, 1, 0]","To determine the appropriate allocation level for prioritizing new software features based on customer demand, I would consider the overall needs of the customers and the strategic goals of the company. Given the importance of addressing customer demand effectively, I would choose a high allocation level.

Final response: Option 2",Option 2,9,"['0%', '10%', '20%', '30%', '40%', '50%', '60%', '70%', '80%', '90%', '100%']","[10, 9, 8, 7, 6, 5, 4, 3, 2, 1, 0]","In this situation, the prompt asks if I intend to allocate more than 35%. This is a decision that should be based on customer demand and operational needs rather than the specific percentage mentioned. Given that I need to prioritize new software features based on customer demand, I would choose an allocation that reflects a strong commitment to meeting that demand.

Considering the options available, I would select a percentage that is significantly above 35% to ensure that we are adequately addressing customer needs. Therefore, I choose:

Option 6: 50%",Option 6,5,OK,,few-shot,0.7999999984,1.0,Anchoring
24,gpt-4o-mini-2024-07-18,0.0,66,2025-04-10 15:13:41,"['0%', '10%', '20%', '30%', '40%', '50%', '60%', '70%', '80%', '90%', '100%']","[10, 9, 8, 7, 6, 5, 4, 3, 2, 1, 0]","To determine the appropriate allocation level for customer-requested features in the next software update, I would consider the importance of addressing customer needs and the potential impact on customer satisfaction and retention. Given the context of prioritizing customer-requested features, I would choose a high allocation level to ensure that we meet customer expectations effectively.

Therefore, my final response is: Option 2",Option 2,9,"['0%', '10%', '20%', '30%', '40%', '50%', '60%', '70%', '80%', '90%', '100%']","[10, 9, 8, 7, 6, 5, 4, 3, 2, 1, 0]","In this situation, the decision should be based on the operational needs and the importance of the customer-requested features rather than the numerical anchor of 52%. Given that the goal is to prioritize customer-requested features, I would choose a higher allocation level to ensure that we meet customer expectations effectively.

Therefore, I would select:

Option 3: 80%",Option 3,8,OK,,few-shot,0.249999999375,1.0,Anchoring
25,gpt-4o-mini-2024-07-18,0.0,67,2025-04-10 15:13:45,"['0%', '10%', '20%', '30%', '40%', '50%', '60%', '70%', '80%', '90%', '100%']","[10, 9, 8, 7, 6, 5, 4, 3, 2, 1, 0]","To effectively manage peak traffic hours, I would choose to allocate a significant percentage of personnel to ensure smooth operations. Considering the options provided, I would select:

Option 2: 90%",Option 2,9,"['0%', '10%', '20%', '30%', '40%', '50%', '60%', '70%', '80%', '90%', '100%']","[10, 9, 8, 7, 6, 5, 4, 3, 2, 1, 0]","In this situation, the prompt asks if I intend to allocate more than 85%. Given that the allocation level should be based on operational needs rather than the anchor provided, I would choose an allocation that reflects an effective management of peak traffic hours. 

Considering the options, I would select:

Option 2: 90%",Option 2,9,OK,,few-shot,0.0,1.0,Anchoring
26,gpt-4o-mini-2024-07-18,0.0,68,2025-04-10 15:13:50,"['0%', '10%', '20%', '30%', '40%', '50%', '60%', '70%', '80%', '90%', '100%']","[0, 1, 2, 3, 4, 5, 6, 7, 8, 9, 10]","To effectively cover peak traffic hours, I would choose an allocation level that ensures sufficient personnel are available to manage the increased demand. Considering the options provided, I would select:

Option 6: 50%",Option 6,5,"['0%', '10%', '20%', '30%', '40%', '50%', '60%', '70%', '80%', '90%', '100%']","[0, 1, 2, 3, 4, 5, 6, 7, 8, 9, 10]","To determine the appropriate allocation level, I will consider the operational needs without being influenced by the anchor of ""more than 29%."" Given the options available, I would choose an allocation level that effectively covers peak traffic hours.

Considering the options, I would select Option 4: 30%, as it meets the requirement of being more than 29% while also being a reasonable allocation for the purpose stated.

Final response: Option 4",Option 4,3,OK,,few-shot,0.999999995,1.0,Anchoring
27,gpt-4o-mini-2024-07-18,0.0,69,2025-04-10 15:13:53,"['0%', '10%', '20%', '30%', '40%', '50%', '60%', '70%', '80%', '90%', '100%']","[0, 1, 2, 3, 4, 5, 6, 7, 8, 9, 10]","To effectively manage peak traffic hours, I would choose an allocation level that ensures sufficient personnel are available to handle the increased demand. Considering the options provided, I would select:

Option 6: 50%",Option 6,5,"['0%', '10%', '20%', '30%', '40%', '50%', '60%', '70%', '80%', '90%', '100%']","[0, 1, 2, 3, 4, 5, 6, 7, 8, 9, 10]","To determine the allocation level for managing peak traffic hours effectively, I will consider the operational needs without being influenced by the anchor of 27%. Given the options, I believe that an allocation of 40% would be appropriate to ensure adequate personnel management during peak hours.

Final response: Option 5",Option 5,4,OK,,few-shot,0.4999999975,1.0,Anchoring
28,gpt-4o-mini-2024-07-18,0.0,70,2025-04-10 15:13:57,"['0%', '10%', '20%', '30%', '40%', '50%', '60%', '70%', '80%', '90%', '100%']","[0, 1, 2, 3, 4, 5, 6, 7, 8, 9, 10]","To ensure efficient management and minimal congestion during peak traffic periods, I would choose an allocation level that allows for adequate coverage and responsiveness. Given the options, I would select:

Option 6: 50%",Option 6,5,"['0%', '10%', '20%', '30%', '40%', '50%', '60%', '70%', '80%', '90%', '100%']","[0, 1, 2, 3, 4, 5, 6, 7, 8, 9, 10]","To determine the allocation level for staff hours during peak traffic periods, I would consider the operational needs and the requirement for efficient management. The prompt asks if I intend to allocate more than 79%, which suggests a high level of allocation. Given the options available, I would choose to allocate 80% to ensure adequate coverage and management during peak times.

Final response: Option 9",Option 9,8,OK,,few-shot,0.9999999966666668,1.0,Anchoring
29,gpt-4o-mini-2024-07-18,0.0,71,2025-04-10 15:14:02,"['0%', '10%', '20%', '30%', '40%', '50%', '60%', '70%', '80%', '90%', '100%']","[10, 9, 8, 7, 6, 5, 4, 3, 2, 1, 0]","To determine the appropriate allocation level for managing operations during peak traffic hours, I would consider the operational needs and the expected volume of traffic. Given the importance of effective management during these times, I would choose a higher percentage to ensure adequate coverage and efficiency.

Based on this reasoning, I select:

Option 2: 90%",Option 2,9,"['0%', '10%', '20%', '30%', '40%', '50%', '60%', '70%', '80%', '90%', '100%']","[10, 9, 8, 7, 6, 5, 4, 3, 2, 1, 0]","To determine the appropriate allocation level for managing operations during peak traffic hours, I would consider the operational needs and the effectiveness of personnel management rather than being influenced by the specific percentage mentioned in the prompt. 

Given that the prompt asks if I intend to allocate more than 56%, I would assess the situation and conclude that an allocation of 60% would be suitable to ensure effective management during peak hours.

Therefore, my final response is: Option 5",Option 5,6,OK,,few-shot,0.9999999966666668,1.0,Anchoring
